timestamp,location,energy_usage_kwh,temperature_c,humidity_pct,solar_output_kw,occupancy,peak_hour
01-01-2024 00:00,Industrial,620.28,23.84,23.62,205.32,58,0
01-01-2024 01:00,Industrial,412.19,39.29,36.1,21.49,224,0
01-01-2024 02:00,Urban,217.18,28.53,24.43,141.36,495,0
01-01-2024 03:00,Rural,439.46,29.49,24.64,146.39,35,0
01-01-2024 04:00,Rural,106.55,37.75,41.72,36.06,70,0
01-01-2024 05:00,Hospital,255.83,36.48,33.55,145.4,337,0
01-01-2024 06:00,Rural,292.27,28.43,24.71,14.9,115,0
01-01-2024 07:00,Campus,467.83,24.83,43.56,146.39,242,0
01-01-2024 08:00,Industrial,250.87,35.83,72.42,61.02,304,0
01-01-2024 09:00,Industrial,379.36,38.25,74.71,71.98,47,0
01-01-2024 10:00,Urban,371.8,16.95,45.65,233.32,225,0
01-01-2024 11:00,Urban,628.35,14.33,61.86,197.27,428,0
01-01-2024 12:00,Industrial,273.87,22.51,57.25,199.22,45,0
01-01-2024 13:00,Urban,618.47,26.22,69.81,15.17,369,0
01-01-2024 14:00,Industrial,448.86,41.79,81.64,71.15,207,0
01-01-2024 15:00,Industrial,92.86,25.85,32.6,29.27,40,0
01-01-2024 16:00,Rural,517.89,15.88,38.57,97.74,456,0
01-01-2024 17:00,Campus,125.93,25.48,61.21,220.85,429,0
01-01-2024 18:00,Campus,572.47,20.35,51.15,89.69,462,1
01-01-2024 19:00,Campus,625.91,16.53,33.22,57.99,129,1
01-01-2024 20:00,Urban,356.43,29.67,39.71,1.02,224,1
01-01-2024 21:00,Hospital,290.47,28.99,91.48,172.62,273,1
01-01-2024 22:00,Hospital,453.33,34.19,54.25,217.74,497,0
01-01-2024 23:00,Hospital,303.66,23.97,27.77,158.57,41,0
02-01-2024 00:00,Rural,118.39,18.26,32.17,85.01,36,0
02-01-2024 01:00,Urban,80.13,16.54,27.61,90.9,23,0
02-01-2024 02:00,Urban,578.37,30.42,31.14,63.06,187,0
02-01-2024 03:00,Hospital,287.57,15.69,83.67,248.28,248,0
02-01-2024 04:00,Campus,355.79,14.58,27.66,85.66,145,0
02-01-2024 05:00,Campus,552.45,16.84,21.73,237.75,280,0
02-01-2024 06:00,Industrial,163.56,28.3,22.03,132.03,339,0
02-01-2024 07:00,Urban,476.83,19.83,47.5,41.76,405,0
02-01-2024 08:00,Rural,383.58,35.37,44.72,55.76,425,0
02-01-2024 09:00,Rural,539.46,36.55,75.49,56.68,275,0
02-01-2024 10:00,Campus,282.67,12.87,22.1,69.85,142,0
02-01-2024 11:00,Rural,474.74,40.7,53.54,234.26,188,0
02-01-2024 12:00,Industrial,125.91,15.06,55.26,84.43,257,0
02-01-2024 13:00,Hospital,641.59,30.31,20.14,227.3,186,0
02-01-2024 14:00,Urban,555.75,15.6,49.14,177.87,112,0
02-01-2024 15:00,Campus,586.74,25.02,67.69,21.69,494,0
02-01-2024 16:00,Campus,344.0,34.3,26.37,39.71,75,0
02-01-2024 17:00,Urban,166.16,39.15,80.49,36.54,433,0
02-01-2024 18:00,Hospital,638.77,31.72,46.28,137.17,77,1
02-01-2024 19:00,Urban,88.12,41.13,68.73,131.65,488,1
02-01-2024 20:00,Rural,327.27,38.15,81.96,52.76,138,1
02-01-2024 21:00,Rural,246.99,19.22,63.98,64.84,224,1
02-01-2024 22:00,Rural,114.72,34.2,87.33,165.62,427,0
02-01-2024 23:00,Hospital,319.76,39.53,57.62,132.96,278,0
03-01-2024 00:00,Hospital,90.66,25.2,33.73,0.98,419,0
03-01-2024 01:00,Rural,178.24,26.2,74.39,139.12,176,0
03-01-2024 02:00,Hospital,382.51,26.47,78.24,220.81,39,0
03-01-2024 03:00,Rural,189.04,13.27,27.33,113.04,24,0
03-01-2024 04:00,Urban,332.65,30.38,57.92,128.04,364,0
03-01-2024 05:00,Industrial,337.84,28.0,55.85,235.38,367,0
03-01-2024 06:00,Hospital,579.63,40.27,39.47,139.88,492,0
03-01-2024 07:00,Rural,558.8,16.11,29.12,110.53,47,0
03-01-2024 08:00,Rural,324.15,18.38,42.71,30.59,407,0
03-01-2024 09:00,Rural,615.52,31.3,47.46,63.28,80,0
03-01-2024 10:00,Campus,205.17,40.58,49.87,121.82,351,0
03-01-2024 11:00,Rural,172.04,24.95,58.67,84.78,110,0
03-01-2024 12:00,Industrial,261.56,33.66,21.46,138.51,235,0
03-01-2024 13:00,Urban,299.08,27.52,42.16,240.19,67,0
03-01-2024 14:00,Rural,633.87,15.14,39.92,9.9,408,0
03-01-2024 15:00,Rural,234.15,15.89,51.67,227.85,429,0
03-01-2024 16:00,Industrial,311.39,28.1,58.61,123.65,177,0
03-01-2024 17:00,Urban,239.07,35.99,33.75,223.82,147,0
03-01-2024 18:00,Urban,441.63,36.05,26.28,214.06,44,1
03-01-2024 19:00,Industrial,571.78,25.61,45.44,138.27,484,1
03-01-2024 20:00,Industrial,434.37,13.3,73.22,234.53,92,1
03-01-2024 21:00,Industrial,108.72,18.05,43.4,76.25,398,1
03-01-2024 22:00,Rural,245.28,27.0,33.34,86.75,19,0
03-01-2024 23:00,Industrial,101.06,12.55,57.92,244.51,273,0
04-01-2024 00:00,Campus,220.04,25.41,69.37,162.53,346,0
04-01-2024 01:00,Campus,391.17,38.66,92.77,76.95,120,0
04-01-2024 02:00,Rural,275.34,36.97,73.0,158.99,217,0
04-01-2024 03:00,Industrial,639.67,37.11,21.07,156.36,460,0
04-01-2024 04:00,Industrial,325.52,13.66,69.89,95.22,269,0
04-01-2024 05:00,Industrial,421.3,32.78,23.39,46.34,147,0
04-01-2024 06:00,Campus,82.06,22.92,44.67,246.23,175,0
04-01-2024 07:00,Rural,99.63,38.47,36.34,45.74,181,0
04-01-2024 08:00,Campus,127.82,20.37,69.2,62.04,407,0
04-01-2024 09:00,Urban,131.79,36.51,30.79,146.7,211,0
04-01-2024 10:00,Urban,250.8,30.89,26.34,239.41,446,0
04-01-2024 11:00,Rural,454.8,33.48,85.93,97.38,176,0
04-01-2024 12:00,Campus,165.19,33.72,68.24,10.95,437,0
04-01-2024 13:00,Hospital,437.58,34.02,80.92,34.83,278,0
04-01-2024 14:00,Hospital,404.03,36.39,21.21,171.62,418,0
04-01-2024 15:00,Rural,128.5,13.26,67.78,239.88,202,0
04-01-2024 16:00,Campus,398.36,30.83,66.97,170.17,260,0
04-01-2024 17:00,Industrial,81.89,35.93,76.12,125.74,284,0
04-01-2024 18:00,Urban,455.8,13.98,75.26,63.05,48,1
04-01-2024 19:00,Industrial,213.83,34.69,37.31,162.48,245,1
04-01-2024 20:00,Campus,561.95,14.3,88.28,71.83,33,1
04-01-2024 21:00,Hospital,440.69,17.95,64.98,82.94,343,1
04-01-2024 22:00,Industrial,434.06,16.0,56.18,121.45,354,0
04-01-2024 23:00,Urban,474.55,32.27,41.81,129.13,247,0
05-01-2024 00:00,Campus,345.81,15.56,87.02,49.81,53,0
05-01-2024 01:00,Campus,89.98,25.77,81.49,242.03,240,0
05-01-2024 02:00,Industrial,300.5,39.5,89.79,18.65,56,0
05-01-2024 03:00,Rural,506.07,19.85,46.97,150.84,333,0
05-01-2024 04:00,Hospital,239.35,15.38,47.39,124.47,458,0
05-01-2024 05:00,Campus,304.63,16.77,91.25,170.4,217,0
05-01-2024 06:00,Industrial,494.49,24.49,48.21,30.23,179,0
05-01-2024 07:00,Urban,264.99,22.15,49.87,234.97,110,0
05-01-2024 08:00,Urban,593.89,20.69,47.92,98.22,455,0
05-01-2024 09:00,Hospital,123.55,39.76,76.67,213.56,153,0
05-01-2024 10:00,Urban,109.42,31.86,67.62,37.23,146,0
05-01-2024 11:00,Campus,371.25,17.7,48.0,239.04,462,0
05-01-2024 12:00,Urban,542.82,30.93,88.51,235.17,291,0
05-01-2024 13:00,Rural,490.16,13.48,74.93,112.72,395,0
05-01-2024 14:00,Rural,447.36,20.59,23.67,231.69,75,0
05-01-2024 15:00,Rural,349.14,22.31,42.33,184.76,344,0
05-01-2024 16:00,Industrial,311.54,19.16,56.24,167.22,71,0
05-01-2024 17:00,Rural,446.63,14.26,57.55,202.96,291,0
05-01-2024 18:00,Rural,338.2,21.99,76.94,106.86,290,1
05-01-2024 19:00,Rural,219.13,17.24,61.69,79.82,198,1
05-01-2024 20:00,Industrial,541.33,18.06,21.51,217.65,206,1
05-01-2024 21:00,Campus,505.13,18.3,40.27,188.03,265,1
05-01-2024 22:00,Industrial,407.34,22.8,71.51,132.31,414,0
05-01-2024 23:00,Rural,132.78,38.9,48.84,161.45,231,0
06-01-2024 00:00,Industrial,563.75,38.19,21.64,8.06,373,0
06-01-2024 01:00,Campus,631.92,26.69,25.49,232.56,485,0
06-01-2024 02:00,Hospital,567.61,41.17,38.63,27.26,89,0
06-01-2024 03:00,Rural,377.75,32.46,90.61,180.43,341,0
06-01-2024 04:00,Campus,128.45,35.31,20.1,31.41,301,0
06-01-2024 05:00,Urban,447.94,21.11,29.6,62.95,335,0
06-01-2024 06:00,Campus,478.19,15.36,25.28,131.11,308,0
06-01-2024 07:00,Rural,301.21,18.71,65.08,2.62,164,0
06-01-2024 08:00,Campus,238.8,21.49,82.96,60.59,279,0
06-01-2024 09:00,Rural,391.79,12.88,50.89,162.41,38,0
06-01-2024 10:00,Urban,190.65,38.55,68.54,20.27,126,0
06-01-2024 11:00,Campus,607.34,18.8,22.56,84.51,225,0
06-01-2024 12:00,Industrial,469.06,17.94,79.78,184.78,268,0
06-01-2024 13:00,Urban,196.97,41.1,43.38,205.0,128,0
06-01-2024 14:00,Campus,206.22,34.81,42.12,237.98,263,0
06-01-2024 15:00,Hospital,186.77,18.7,51.28,166.32,495,0
06-01-2024 16:00,Hospital,163.44,23.8,35.97,243.53,82,0
06-01-2024 17:00,Campus,109.55,13.8,49.5,224.54,462,0
06-01-2024 18:00,Industrial,497.65,41.93,89.87,82.31,104,1
06-01-2024 19:00,Hospital,505.4,12.96,69.83,94.65,201,1
06-01-2024 20:00,Industrial,332.19,15.27,25.87,20.19,225,1
06-01-2024 21:00,Urban,399.84,34.76,48.51,192.18,168,1
06-01-2024 22:00,Campus,130.02,33.16,34.68,135.38,238,0
06-01-2024 23:00,Rural,264.29,34.12,55.59,157.92,136,0
07-01-2024 00:00,Campus,103.17,13.05,24.69,230.02,141,0
07-01-2024 01:00,Rural,505.95,38.96,45.43,68.08,500,0
07-01-2024 02:00,Hospital,104.84,34.39,71.72,231.06,162,0
07-01-2024 03:00,Urban,491.3,29.87,80.42,236.62,43,0
07-01-2024 04:00,Urban,550.83,15.22,73.67,116.44,407,0
07-01-2024 05:00,Campus,530.19,39.41,81.11,33.18,264,0
07-01-2024 06:00,Rural,84.96,39.93,42.75,173.03,87,0
07-01-2024 07:00,Hospital,214.6,37.84,54.56,195.96,315,0
07-01-2024 08:00,Urban,371.77,23.75,32.0,101.94,342,0
07-01-2024 09:00,Urban,354.56,28.34,32.05,106.64,63,0
07-01-2024 10:00,Urban,230.99,14.52,27.23,124.62,373,0
07-01-2024 11:00,Campus,178.72,15.99,54.57,222.82,130,0
07-01-2024 12:00,Hospital,562.78,31.93,29.09,210.22,160,0
07-01-2024 13:00,Industrial,403.12,23.19,75.36,49.8,136,0
07-01-2024 14:00,Rural,219.84,16.6,86.31,144.57,177,0
07-01-2024 15:00,Urban,305.76,41.77,58.05,57.85,423,0
07-01-2024 16:00,Urban,452.4,41.73,27.67,118.69,429,0
07-01-2024 17:00,Rural,559.12,39.43,23.03,73.42,71,0
07-01-2024 18:00,Urban,188.06,41.19,63.74,232.54,200,1
07-01-2024 19:00,Hospital,573.69,25.47,39.5,194.44,494,1
07-01-2024 20:00,Urban,140.29,29.88,66.5,54.41,198,1
07-01-2024 21:00,Industrial,160.58,18.12,39.12,149.86,343,1
07-01-2024 22:00,Rural,544.4,36.56,50.67,92.95,327,0
07-01-2024 23:00,Industrial,124.42,12.94,57.17,120.88,218,0
08-01-2024 00:00,Urban,533.63,31.92,31.59,133.5,344,0
08-01-2024 01:00,Rural,306.73,20.14,94.12,166.95,223,0
08-01-2024 02:00,Urban,258.05,29.0,46.79,104.11,452,0
08-01-2024 03:00,Industrial,447.35,23.72,50.37,235.5,232,0
08-01-2024 04:00,Rural,321.54,36.61,50.47,220.71,245,0
08-01-2024 05:00,Rural,154.09,13.55,30.69,201.62,213,0
08-01-2024 06:00,Urban,406.53,39.82,75.29,42.92,188,0
08-01-2024 07:00,Industrial,172.23,17.15,25.03,95.93,395,0
08-01-2024 08:00,Rural,251.92,37.12,23.26,228.2,171,0
08-01-2024 09:00,Urban,426.36,31.09,26.47,178.08,362,0
08-01-2024 10:00,Rural,444.98,37.7,66.58,153.68,110,0
08-01-2024 11:00,Campus,184.29,18.54,49.98,129.47,206,0
08-01-2024 12:00,Industrial,150.14,19.41,74.37,224.32,31,0
08-01-2024 13:00,Hospital,560.22,32.17,70.09,81.05,209,0
08-01-2024 14:00,Hospital,339.77,37.47,78.36,162.26,167,0
08-01-2024 15:00,Hospital,222.08,23.68,47.56,125.89,101,0
08-01-2024 16:00,Urban,82.0,41.58,54.9,111.7,326,0
08-01-2024 17:00,Campus,556.83,36.32,50.03,16.78,193,0
08-01-2024 18:00,Campus,288.24,36.07,57.83,164.27,30,1
08-01-2024 19:00,Rural,126.88,34.0,78.32,127.87,37,1
08-01-2024 20:00,Hospital,590.07,31.58,78.82,6.46,43,1
08-01-2024 21:00,Hospital,497.29,36.45,34.53,245.43,261,1
08-01-2024 22:00,Industrial,625.28,39.48,32.38,197.1,486,0
08-01-2024 23:00,Rural,117.34,22.53,76.71,39.69,469,0
09-01-2024 00:00,Hospital,236.75,36.47,30.77,125.55,480,0
09-01-2024 01:00,Campus,198.74,19.89,57.95,79.77,28,0
09-01-2024 02:00,Rural,183.79,16.84,90.23,169.92,468,0
09-01-2024 03:00,Campus,176.18,35.55,28.63,132.68,335,0
09-01-2024 04:00,Industrial,630.71,25.59,59.11,172.18,468,0
09-01-2024 05:00,Urban,223.66,28.07,84.24,184.48,200,0
09-01-2024 06:00,Industrial,294.17,23.07,30.96,82.71,51,0
09-01-2024 07:00,Campus,211.13,30.46,91.85,74.1,274,0
09-01-2024 08:00,Industrial,256.74,40.98,85.27,232.11,468,0
09-01-2024 09:00,Industrial,497.83,34.41,36.62,72.74,330,0
09-01-2024 10:00,Campus,318.08,22.92,23.58,122.1,323,0
09-01-2024 11:00,Urban,92.71,12.08,46.62,26.59,192,0
09-01-2024 12:00,Hospital,207.83,29.51,64.18,51.05,329,0
09-01-2024 13:00,Campus,170.42,12.42,80.11,176.87,240,0
09-01-2024 14:00,Urban,116.29,16.34,69.91,67.44,425,0
09-01-2024 15:00,Industrial,631.27,13.68,81.57,223.17,314,0
09-01-2024 16:00,Hospital,332.94,40.11,75.01,62.12,472,0
09-01-2024 17:00,Urban,105.08,27.95,50.45,59.42,39,0
09-01-2024 18:00,Urban,87.04,28.53,90.57,35.57,112,1
09-01-2024 19:00,Hospital,426.61,27.21,68.12,203.35,99,1
09-01-2024 20:00,Hospital,256.35,21.01,23.64,222.34,410,1
09-01-2024 21:00,Campus,487.78,12.19,83.33,186.3,248,1
09-01-2024 22:00,Urban,502.8,25.57,36.95,26.32,128,0
09-01-2024 23:00,Urban,150.26,38.74,89.39,235.71,144,0
10-01-2024 00:00,Urban,231.61,28.61,52.7,197.11,277,0
10-01-2024 01:00,Industrial,248.5,39.86,87.06,21.36,269,0
10-01-2024 02:00,Urban,176.77,39.14,83.13,50.69,91,0
10-01-2024 03:00,Industrial,189.4,23.66,65.09,94.86,446,0
10-01-2024 04:00,Hospital,347.61,37.19,72.32,214.38,233,0
10-01-2024 05:00,Rural,405.09,21.23,35.9,155.66,49,0
10-01-2024 06:00,Hospital,599.15,16.34,22.02,26.67,485,0
10-01-2024 07:00,Rural,276.57,16.26,22.15,10.41,364,0
10-01-2024 08:00,Urban,477.29,34.1,24.93,147.62,196,0
10-01-2024 09:00,Rural,546.01,36.59,86.85,16.49,454,0
10-01-2024 10:00,Campus,141.06,18.17,28.4,8.61,444,0
10-01-2024 11:00,Urban,550.28,30.95,41.55,24.97,60,0
10-01-2024 12:00,Rural,247.84,22.1,39.59,87.73,486,0
10-01-2024 13:00,Industrial,107.59,34.8,88.28,192.31,318,0
10-01-2024 14:00,Hospital,351.37,20.63,75.92,197.26,25,0
10-01-2024 15:00,Campus,375.61,14.95,55.17,12.03,299,0
10-01-2024 16:00,Rural,487.2,36.83,63.09,71.78,233,0
10-01-2024 17:00,Urban,378.43,20.65,76.29,13.49,188,0
10-01-2024 18:00,Campus,134.54,32.86,81.9,241.79,313,1
10-01-2024 19:00,Industrial,625.61,27.45,63.35,39.72,427,1
10-01-2024 20:00,Rural,614.82,18.95,32.43,234.68,402,1
10-01-2024 21:00,Urban,359.47,41.73,62.09,26.14,177,1
10-01-2024 22:00,Industrial,134.23,39.86,86.89,186.3,226,0
10-01-2024 23:00,Urban,292.01,21.09,52.1,136.23,97,0
11-01-2024 00:00,Campus,639.97,30.92,90.79,31.72,314,0
11-01-2024 01:00,Hospital,448.39,22.45,44.5,38.83,441,0
11-01-2024 02:00,Campus,457.4,34.26,32.72,109.7,405,0
11-01-2024 03:00,Industrial,410.13,15.78,54.65,221.28,131,0
11-01-2024 04:00,Hospital,189.2,21.05,72.74,210.92,89,0
11-01-2024 05:00,Rural,635.62,33.69,65.22,87.16,130,0
11-01-2024 06:00,Industrial,624.8,19.76,91.62,248.73,94,0
11-01-2024 07:00,Urban,191.4,16.53,31.12,75.53,162,0
11-01-2024 08:00,Campus,236.08,15.28,88.36,70.2,463,0
11-01-2024 09:00,Campus,344.43,12.38,84.07,109.13,123,0
11-01-2024 10:00,Hospital,639.1,20.89,21.66,64.3,387,0
11-01-2024 11:00,Campus,83.15,19.27,83.97,175.29,310,0
11-01-2024 12:00,Campus,562.22,32.04,68.94,219.4,338,0
11-01-2024 13:00,Hospital,565.89,32.39,68.12,113.48,170,0
11-01-2024 14:00,Industrial,438.12,14.94,51.47,195.59,375,0
11-01-2024 15:00,Rural,222.53,24.71,54.14,155.39,219,0
11-01-2024 16:00,Hospital,464.89,39.91,33.73,163.62,408,0
11-01-2024 17:00,Urban,301.56,26.7,93.1,9.54,288,0
11-01-2024 18:00,Rural,171.68,35.45,90.54,129.8,61,1
11-01-2024 19:00,Hospital,340.37,18.15,55.68,4.03,415,1
11-01-2024 20:00,Industrial,377.36,24.31,91.1,52.52,360,1
11-01-2024 21:00,Rural,303.72,34.88,29.18,246.12,192,1
11-01-2024 22:00,Urban,223.9,23.46,24.61,18.8,478,0
11-01-2024 23:00,Campus,438.28,32.25,63.51,27.31,165,0
12-01-2024 00:00,Campus,615.76,27.81,36.42,200.37,210,0
12-01-2024 01:00,Campus,200.85,15.88,78.25,202.39,334,0
12-01-2024 02:00,Rural,347.42,28.86,36.95,240.97,190,0
12-01-2024 03:00,Campus,346.82,20.83,61.12,31.29,436,0
12-01-2024 04:00,Campus,282.21,37.52,40.06,94.04,139,0
12-01-2024 05:00,Campus,466.93,26.45,80.41,199.73,193,0
12-01-2024 06:00,Rural,453.01,21.61,56.37,155.84,53,0
12-01-2024 07:00,Industrial,167.07,21.1,48.88,21.32,299,0
12-01-2024 08:00,Industrial,526.9,16.21,82.35,158.29,17,0
12-01-2024 09:00,Urban,199.56,14.16,41.97,152.05,306,0
12-01-2024 10:00,Rural,566.88,17.57,53.9,196.22,116,0
12-01-2024 11:00,Campus,531.25,17.04,86.84,152.09,410,0
12-01-2024 12:00,Urban,461.02,38.82,79.11,209.7,111,0
12-01-2024 13:00,Campus,474.89,27.92,75.64,109.65,461,0
12-01-2024 14:00,Urban,396.39,19.93,37.56,34.83,262,0
12-01-2024 15:00,Hospital,113.32,26.01,30.83,122.84,265,0
12-01-2024 16:00,Rural,387.54,37.89,20.5,210.19,249,0
12-01-2024 17:00,Hospital,363.64,20.9,54.93,106.45,356,0
12-01-2024 18:00,Urban,182.9,22.81,68.49,5.14,33,1
12-01-2024 19:00,Industrial,540.9,14.82,56.31,189.29,83,1
12-01-2024 20:00,Urban,201.62,24.47,29.52,23.62,347,1
12-01-2024 21:00,Industrial,274.55,35.36,61.56,228.08,155,1
12-01-2024 22:00,Campus,274.91,19.55,23.95,72.29,191,0
12-01-2024 23:00,Campus,310.13,27.11,40.38,126.61,114,0
13-01-2024 00:00,Campus,531.41,21.93,43.78,74.8,310,0
13-01-2024 01:00,Urban,527.0,13.2,74.2,221.4,289,0
13-01-2024 02:00,Hospital,108.33,21.01,20.47,47.49,481,0
13-01-2024 03:00,Campus,426.95,31.74,79.18,227.46,323,0
13-01-2024 04:00,Campus,431.52,30.8,72.23,149.08,358,0
13-01-2024 05:00,Urban,201.13,32.01,54.34,190.67,61,0
13-01-2024 06:00,Rural,575.45,24.65,27.55,232.63,16,0
13-01-2024 07:00,Industrial,577.0,16.16,43.2,177.53,451,0
13-01-2024 08:00,Industrial,185.32,13.03,21.53,141.58,306,0
13-01-2024 09:00,Urban,363.73,27.66,81.86,193.44,225,0
13-01-2024 10:00,Hospital,476.56,24.14,25.04,169.99,314,0
13-01-2024 11:00,Hospital,646.08,31.78,31.65,192.47,290,0
13-01-2024 12:00,Urban,127.27,26.17,87.18,156.72,228,0
13-01-2024 13:00,Urban,85.32,32.08,94.0,214.62,121,0
13-01-2024 14:00,Urban,153.51,12.53,73.95,60.57,385,0
13-01-2024 15:00,Rural,606.0,22.98,76.04,173.71,84,0
13-01-2024 16:00,Urban,247.09,28.72,57.36,167.39,465,0
13-01-2024 17:00,Industrial,600.71,13.58,22.4,15.14,462,0
13-01-2024 18:00,Hospital,125.42,21.33,74.71,41.5,450,1
13-01-2024 19:00,Campus,427.1,21.49,91.16,181.94,250,1
13-01-2024 20:00,Rural,162.6,35.92,47.24,161.22,332,1
13-01-2024 21:00,Campus,351.87,35.34,53.96,68.0,396,1
13-01-2024 22:00,Hospital,270.31,20.4,66.64,162.74,420,0
13-01-2024 23:00,Hospital,269.26,30.17,93.31,207.82,317,0
14-01-2024 00:00,Industrial,413.26,41.29,38.46,96.84,202,0
14-01-2024 01:00,Hospital,519.72,19.03,53.85,172.14,174,0
14-01-2024 02:00,Industrial,232.77,16.72,89.04,190.83,410,0
14-01-2024 03:00,Urban,244.46,16.22,86.8,248.21,85,0
14-01-2024 04:00,Industrial,635.96,35.92,61.09,194.26,265,0
14-01-2024 05:00,Industrial,384.7,28.2,56.36,95.43,413,0
14-01-2024 06:00,Rural,256.4,13.73,49.66,177.08,484,0
14-01-2024 07:00,Industrial,414.24,12.28,48.87,135.14,284,0
14-01-2024 08:00,Industrial,520.13,18.99,63.47,224.23,463,0
14-01-2024 09:00,Hospital,262.97,27.19,35.14,53.17,57,0
14-01-2024 10:00,Rural,539.34,20.69,63.34,89.72,409,0
14-01-2024 11:00,Hospital,568.46,19.39,89.2,123.32,453,0
14-01-2024 12:00,Urban,291.85,25.9,26.13,78.95,25,0
14-01-2024 13:00,Industrial,239.91,30.21,27.06,51.16,455,0
14-01-2024 14:00,Hospital,357.2,29.02,39.62,194.8,228,0
14-01-2024 15:00,Urban,619.5,35.02,81.41,240.87,140,0
14-01-2024 16:00,Urban,273.14,41.84,48.37,6.88,27,0
14-01-2024 17:00,Hospital,290.69,33.17,56.51,211.4,468,0
14-01-2024 18:00,Urban,571.89,31.2,89.16,176.59,56,1
14-01-2024 19:00,Industrial,261.67,19.0,26.73,230.22,269,1
14-01-2024 20:00,Campus,184.12,37.49,47.82,58.78,379,1
14-01-2024 21:00,Rural,178.11,40.25,90.59,14.82,293,1
14-01-2024 22:00,Urban,557.21,13.41,78.98,177.4,341,0
14-01-2024 23:00,Campus,111.79,16.34,76.62,234.85,356,0
15-01-2024 00:00,Industrial,416.18,25.24,68.94,117.68,200,0
15-01-2024 01:00,Industrial,302.33,23.25,48.47,110.35,423,0
15-01-2024 02:00,Rural,601.15,38.77,55.09,228.15,419,0
15-01-2024 03:00,Urban,169.47,36.99,25.83,154.66,201,0
15-01-2024 04:00,Rural,523.64,40.74,89.45,96.27,21,0
15-01-2024 05:00,Urban,337.83,22.19,81.73,119.38,331,0
15-01-2024 06:00,Industrial,161.38,18.65,24.25,178.43,293,0
15-01-2024 07:00,Rural,330.21,16.48,51.37,61.69,23,0
15-01-2024 08:00,Industrial,405.46,20.9,80.31,65.17,65,0
15-01-2024 09:00,Industrial,340.03,26.47,31.5,128.36,333,0
15-01-2024 10:00,Rural,399.17,37.06,28.94,188.71,196,0
15-01-2024 11:00,Campus,644.88,41.94,89.38,24.39,158,0
15-01-2024 12:00,Campus,590.83,13.72,74.49,73.38,337,0
15-01-2024 13:00,Urban,332.0,27.23,58.31,110.75,414,0
15-01-2024 14:00,Hospital,243.24,22.8,23.04,102.24,151,0
15-01-2024 15:00,Hospital,182.99,37.3,59.12,57.61,99,0
15-01-2024 16:00,Rural,422.37,36.87,86.7,182.71,399,0
15-01-2024 17:00,Industrial,179.93,16.11,70.24,157.11,108,0
15-01-2024 18:00,Hospital,255.59,12.3,71.92,129.89,440,1
15-01-2024 19:00,Urban,375.52,22.43,41.13,159.8,494,1
15-01-2024 20:00,Campus,131.49,24.29,77.22,33.32,350,1
15-01-2024 21:00,Industrial,221.55,28.89,93.93,9.17,369,1
15-01-2024 22:00,Industrial,407.7,37.74,46.71,233.03,274,0
15-01-2024 23:00,Urban,148.84,33.44,81.24,216.37,174,0
16-01-2024 00:00,Campus,408.5,38.94,41.87,26.92,384,0
16-01-2024 01:00,Campus,334.47,12.77,80.34,33.59,134,0
16-01-2024 02:00,Urban,207.51,17.47,27.7,62.61,428,0
16-01-2024 03:00,Urban,91.09,39.79,75.41,65.35,438,0
16-01-2024 04:00,Hospital,443.0,25.92,37.88,111.05,189,0
16-01-2024 05:00,Urban,488.75,13.36,29.23,123.4,266,0
16-01-2024 06:00,Industrial,142.72,15.65,86.33,135.4,126,0
16-01-2024 07:00,Rural,163.92,29.19,75.99,41.08,432,0
16-01-2024 08:00,Urban,614.42,23.66,51.54,209.93,279,0
16-01-2024 09:00,Urban,305.51,40.24,78.27,84.64,133,0
16-01-2024 10:00,Industrial,487.85,37.29,62.33,246.46,174,0
16-01-2024 11:00,Campus,563.15,13.61,58.8,239.47,488,0
16-01-2024 12:00,Industrial,222.09,24.66,67.45,91.11,281,0
16-01-2024 13:00,Rural,119.48,24.99,57.86,5.21,81,0
16-01-2024 14:00,Campus,632.73,35.3,90.27,158.3,424,0
16-01-2024 15:00,Urban,99.59,31.25,39.93,169.61,149,0
16-01-2024 16:00,Hospital,539.61,13.07,27.54,30.42,16,0
16-01-2024 17:00,Campus,214.89,13.18,28.48,86.89,95,0
16-01-2024 18:00,Urban,114.39,40.77,89.08,225.36,53,1
16-01-2024 19:00,Campus,416.44,39.96,53.0,127.91,463,1
16-01-2024 20:00,Industrial,601.89,29.32,40.56,183.98,389,1
16-01-2024 21:00,Hospital,243.69,25.62,72.11,55.4,207,1
16-01-2024 22:00,Rural,392.69,23.0,86.89,75.93,254,0
16-01-2024 23:00,Campus,546.73,12.93,45.02,47.2,289,0
17-01-2024 00:00,Campus,632.68,23.89,89.31,40.57,497,0
17-01-2024 01:00,Rural,264.65,21.76,40.24,219.59,120,0
17-01-2024 02:00,Industrial,112.44,12.65,61.33,151.48,188,0
17-01-2024 03:00,Campus,454.9,27.51,82.57,88.53,400,0
17-01-2024 04:00,Urban,376.93,41.68,70.82,233.49,223,0
17-01-2024 05:00,Industrial,460.9,16.21,35.19,152.69,151,0
17-01-2024 06:00,Hospital,134.18,37.69,89.15,248.9,147,0
17-01-2024 07:00,Rural,315.43,15.1,50.78,137.49,70,0
17-01-2024 08:00,Campus,306.57,41.79,31.22,212.49,153,0
17-01-2024 09:00,Hospital,426.18,23.39,53.92,114.48,380,0
17-01-2024 10:00,Industrial,246.96,23.72,61.65,96.13,174,0
17-01-2024 11:00,Urban,528.63,37.49,57.47,111.01,104,0
17-01-2024 12:00,Hospital,253.3,16.35,63.16,145.4,55,0
17-01-2024 13:00,Industrial,264.6,37.3,82.86,239.69,114,0
17-01-2024 14:00,Campus,588.01,40.68,21.92,64.14,468,0
17-01-2024 15:00,Campus,250.9,28.09,43.43,155.0,233,0
17-01-2024 16:00,Hospital,550.64,33.81,52.25,116.06,30,0
17-01-2024 17:00,Hospital,465.45,25.59,20.78,17.07,127,0
17-01-2024 18:00,Urban,313.43,27.03,68.64,232.1,88,1
17-01-2024 19:00,Rural,629.75,26.6,53.01,156.15,310,1
17-01-2024 20:00,Industrial,474.2,34.39,26.92,90.68,197,1
17-01-2024 21:00,Urban,550.84,27.38,28.29,223.63,363,1
17-01-2024 22:00,Industrial,547.72,41.71,86.61,105.22,90,0
17-01-2024 23:00,Hospital,245.26,27.35,57.87,47.03,103,0
18-01-2024 00:00,Urban,439.16,30.09,46.49,248.44,335,0
18-01-2024 01:00,Urban,474.29,12.32,20.21,177.66,293,0
18-01-2024 02:00,Urban,602.71,23.93,27.39,3.86,25,0
18-01-2024 03:00,Rural,179.86,35.07,62.53,217.78,468,0
18-01-2024 04:00,Hospital,373.17,16.31,34.89,150.44,84,0
18-01-2024 05:00,Rural,375.5,27.28,22.18,19.03,495,0
18-01-2024 06:00,Hospital,359.54,26.03,52.3,200.07,342,0
18-01-2024 07:00,Urban,470.2,29.37,30.79,59.57,151,0
18-01-2024 08:00,Rural,98.75,30.86,84.45,236.93,42,0
18-01-2024 09:00,Industrial,189.24,30.72,21.47,55.01,212,0
18-01-2024 10:00,Hospital,515.51,13.32,24.09,59.57,124,0
18-01-2024 11:00,Urban,170.86,29.61,33.01,1.54,453,0
18-01-2024 12:00,Campus,253.1,30.08,92.0,123.89,496,0
18-01-2024 13:00,Urban,218.47,23.69,73.88,55.35,168,0
18-01-2024 14:00,Campus,578.93,26.53,79.46,60.85,98,0
18-01-2024 15:00,Rural,284.29,17.6,92.87,72.68,297,0
18-01-2024 16:00,Industrial,145.49,28.01,48.92,100.8,43,0
18-01-2024 17:00,Urban,320.7,39.39,61.54,96.84,249,0
18-01-2024 18:00,Industrial,276.35,25.07,40.93,6.32,422,1
18-01-2024 19:00,Rural,217.83,15.9,34.72,136.22,413,1
18-01-2024 20:00,Rural,396.34,26.01,79.62,60.05,198,1
18-01-2024 21:00,Industrial,203.39,24.15,67.2,145.19,162,1
18-01-2024 22:00,Campus,367.75,18.82,53.95,32.74,371,0
18-01-2024 23:00,Industrial,419.69,25.21,94.25,133.67,216,0
19-01-2024 00:00,Hospital,370.81,15.77,76.3,169.46,56,0
19-01-2024 01:00,Hospital,565.56,34.08,77.36,7.18,377,0
19-01-2024 02:00,Hospital,162.69,12.45,73.3,173.67,407,0
19-01-2024 03:00,Rural,262.99,31.88,28.17,140.5,195,0
19-01-2024 04:00,Hospital,512.32,17.78,73.9,21.99,157,0
19-01-2024 05:00,Rural,545.59,23.97,46.69,211.09,247,0
19-01-2024 06:00,Rural,613.94,17.29,47.49,199.85,363,0
19-01-2024 07:00,Industrial,591.26,12.76,72.78,115.65,443,0
19-01-2024 08:00,Campus,280.7,30.86,33.62,28.81,477,0
19-01-2024 09:00,Hospital,498.41,33.38,23.03,10.0,92,0
19-01-2024 10:00,Campus,192.91,21.09,48.56,9.81,169,0
19-01-2024 11:00,Rural,401.79,18.83,57.34,130.19,483,0
19-01-2024 12:00,Campus,461.98,29.26,90.18,27.97,401,0
19-01-2024 13:00,Industrial,593.61,38.25,63.88,174.0,135,0
19-01-2024 14:00,Urban,101.16,21.56,78.28,86.42,477,0
19-01-2024 15:00,Urban,317.82,34.32,94.86,153.83,123,0
19-01-2024 16:00,Industrial,380.58,22.47,91.22,110.64,184,0
19-01-2024 17:00,Hospital,501.01,36.9,67.11,113.2,37,0
19-01-2024 18:00,Rural,324.16,27.36,89.61,31.91,400,1
19-01-2024 19:00,Rural,104.9,33.08,80.43,65.3,289,1
19-01-2024 20:00,Rural,632.57,31.13,60.79,62.42,40,1
19-01-2024 21:00,Rural,283.96,24.35,35.11,77.64,79,1
19-01-2024 22:00,Campus,462.09,19.14,38.13,128.85,237,0
19-01-2024 23:00,Rural,613.43,22.54,42.45,221.17,82,0
20-01-2024 00:00,Hospital,401.06,22.01,81.15,137.07,399,0
20-01-2024 01:00,Rural,465.9,16.64,93.45,209.87,217,0
20-01-2024 02:00,Rural,145.25,20.68,47.04,51.61,40,0
20-01-2024 03:00,Industrial,253.23,15.32,43.17,240.72,92,0
20-01-2024 04:00,Industrial,333.69,29.08,41.71,139.38,33,0
20-01-2024 05:00,Urban,347.05,41.39,56.41,186.82,179,0
20-01-2024 06:00,Hospital,230.73,31.35,91.75,122.09,411,0
20-01-2024 07:00,Hospital,263.43,22.78,26.82,71.49,324,0
20-01-2024 08:00,Industrial,452.25,14.34,76.06,6.32,212,0
20-01-2024 09:00,Rural,248.9,17.57,67.86,211.43,484,0
20-01-2024 10:00,Rural,138.24,33.57,43.28,154.2,204,0
20-01-2024 11:00,Rural,448.96,22.69,37.27,34.09,480,0
20-01-2024 12:00,Industrial,557.56,19.61,24.33,26.81,421,0
20-01-2024 13:00,Campus,595.96,40.35,57.08,124.88,90,0
20-01-2024 14:00,Industrial,423.5,30.79,30.64,56.87,80,0
20-01-2024 15:00,Campus,442.95,24.04,93.43,212.67,255,0
20-01-2024 16:00,Rural,204.42,23.17,22.4,152.69,436,0
20-01-2024 17:00,Hospital,322.5,20.5,69.62,128.66,225,0
20-01-2024 18:00,Industrial,115.75,12.26,91.7,44.07,381,1
20-01-2024 19:00,Rural,295.93,12.13,80.31,168.82,300,1
20-01-2024 20:00,Rural,347.24,28.28,58.76,107.09,283,1
20-01-2024 21:00,Rural,635.39,40.85,66.49,202.79,40,1
20-01-2024 22:00,Industrial,427.21,20.91,62.83,238.2,256,0
20-01-2024 23:00,Rural,250.61,22.3,86.38,6.96,106,0
21-01-2024 00:00,Rural,466.85,25.42,26.39,165.12,200,0
21-01-2024 01:00,Hospital,411.04,24.49,59.75,141.2,212,0
21-01-2024 02:00,Industrial,145.12,17.42,86.75,137.03,67,0
21-01-2024 03:00,Rural,571.44,19.6,27.12,132.69,138,0
21-01-2024 04:00,Campus,209.38,25.74,60.59,174.18,386,0
21-01-2024 05:00,Hospital,598.27,29.01,83.87,169.87,419,0
21-01-2024 06:00,Campus,156.54,27.09,58.04,209.64,495,0
21-01-2024 07:00,Urban,437.16,40.81,58.64,115.0,361,0
21-01-2024 08:00,Campus,390.25,41.04,34.37,118.78,57,0
21-01-2024 09:00,Rural,292.82,30.56,50.33,11.81,31,0
21-01-2024 10:00,Urban,480.1,40.67,54.48,30.13,79,0
21-01-2024 11:00,Campus,597.86,14.63,94.15,50.4,68,0
21-01-2024 12:00,Industrial,175.76,34.36,45.6,190.9,358,0
21-01-2024 13:00,Urban,550.61,15.68,47.98,184.31,495,0
21-01-2024 14:00,Industrial,491.41,13.31,65.28,24.91,291,0
21-01-2024 15:00,Industrial,537.72,15.39,89.4,168.8,140,0
21-01-2024 16:00,Industrial,190.09,25.4,82.86,145.34,68,0
21-01-2024 17:00,Urban,358.19,14.21,39.38,37.56,486,0
21-01-2024 18:00,Industrial,578.03,32.09,82.72,147.08,138,1
21-01-2024 19:00,Hospital,648.44,34.84,40.15,111.02,22,1
21-01-2024 20:00,Industrial,646.86,26.62,56.3,7.91,438,1
21-01-2024 21:00,Urban,122.52,30.61,68.35,149.99,441,1
21-01-2024 22:00,Campus,631.49,32.79,53.64,57.3,500,0
21-01-2024 23:00,Hospital,374.69,22.83,59.62,77.81,77,0
22-01-2024 00:00,Hospital,436.03,18.34,81.44,181.81,179,0
22-01-2024 01:00,Hospital,346.99,40.12,43.58,83.88,257,0
22-01-2024 02:00,Industrial,209.17,19.46,85.72,152.17,333,0
22-01-2024 03:00,Rural,494.37,16.31,48.83,15.87,144,0
22-01-2024 04:00,Industrial,404.31,27.84,91.77,248.05,27,0
22-01-2024 05:00,Hospital,594.5,14.86,34.94,106.56,302,0
22-01-2024 06:00,Urban,286.86,20.45,79.65,218.2,490,0
22-01-2024 07:00,Rural,468.36,21.12,77.25,184.88,270,0
22-01-2024 08:00,Rural,279.74,28.52,50.45,15.11,182,0
22-01-2024 09:00,Industrial,583.69,35.48,57.78,223.55,424,0
22-01-2024 10:00,Rural,648.08,16.52,35.4,222.19,353,0
22-01-2024 11:00,Campus,310.84,23.88,77.93,232.37,310,0
22-01-2024 12:00,Urban,161.97,33.6,38.91,142.97,347,0
22-01-2024 13:00,Industrial,121.9,17.71,89.36,146.23,165,0
22-01-2024 14:00,Hospital,281.49,26.04,92.79,172.57,379,0
22-01-2024 15:00,Urban,557.99,21.58,33.14,224.43,289,0
22-01-2024 16:00,Urban,512.34,30.79,37.77,5.02,34,0
22-01-2024 17:00,Campus,335.31,38.79,41.2,125.48,60,0
22-01-2024 18:00,Rural,217.79,13.7,29.68,12.15,47,1
22-01-2024 19:00,Hospital,274.46,16.1,34.11,134.23,458,1
22-01-2024 20:00,Urban,444.74,39.69,35.92,81.69,393,1
22-01-2024 21:00,Urban,449.89,24.16,70.92,84.44,39,1
22-01-2024 22:00,Campus,533.87,14.62,65.96,193.99,316,0
22-01-2024 23:00,Campus,226.5,25.9,21.02,231.32,298,0
23-01-2024 00:00,Industrial,111.93,30.42,74.31,82.29,57,0
23-01-2024 01:00,Urban,169.03,16.28,77.54,22.47,426,0
23-01-2024 02:00,Industrial,321.24,28.16,64.14,138.75,346,0
23-01-2024 03:00,Hospital,407.74,18.9,66.4,203.36,254,0
23-01-2024 04:00,Urban,522.32,21.28,77.95,244.35,242,0
23-01-2024 05:00,Hospital,238.61,27.7,90.57,32.97,14,0
23-01-2024 06:00,Hospital,351.19,31.66,78.06,90.62,331,0
23-01-2024 07:00,Rural,308.48,41.37,90.27,156.16,72,0
23-01-2024 08:00,Urban,389.66,18.15,78.3,64.78,320,0
23-01-2024 09:00,Industrial,500.43,39.09,85.31,213.92,408,0
23-01-2024 10:00,Rural,381.24,22.52,73.22,110.39,450,0
23-01-2024 11:00,Campus,201.49,39.37,87.58,97.26,118,0
23-01-2024 12:00,Industrial,530.2,12.79,69.5,3.86,423,0
23-01-2024 13:00,Campus,464.3,22.52,37.11,94.0,474,0
23-01-2024 14:00,Campus,618.62,30.81,36.81,62.98,144,0
23-01-2024 15:00,Campus,217.84,22.63,44.45,106.4,152,0
23-01-2024 16:00,Industrial,581.27,26.96,93.6,197.71,254,0
23-01-2024 17:00,Industrial,623.93,16.1,42.51,22.11,12,0
23-01-2024 18:00,Campus,577.1,19.49,43.98,152.56,499,1
23-01-2024 19:00,Campus,200.88,13.56,78.66,212.84,386,1
23-01-2024 20:00,Industrial,106.33,35.22,52.93,108.7,81,1
23-01-2024 21:00,Industrial,470.54,36.15,31.39,228.17,78,1
23-01-2024 22:00,Industrial,165.96,34.08,27.32,42.19,359,0
23-01-2024 23:00,Campus,131.43,22.19,88.89,179.09,461,0
24-01-2024 00:00,Industrial,638.4,12.99,37.6,198.03,363,0
24-01-2024 01:00,Urban,101.59,27.14,37.37,107.62,63,0
24-01-2024 02:00,Urban,107.54,38.82,24.84,27.59,500,0
24-01-2024 03:00,Campus,633.24,27.76,20.19,55.98,286,0
24-01-2024 04:00,Rural,440.92,28.37,94.5,132.48,439,0
24-01-2024 05:00,Campus,625.63,14.32,92.79,213.29,462,0
24-01-2024 06:00,Rural,496.9,20.19,33.29,66.16,45,0
24-01-2024 07:00,Urban,191.97,13.44,79.21,237.98,146,0
24-01-2024 08:00,Urban,265.66,13.24,54.03,70.53,179,0
24-01-2024 09:00,Campus,639.95,38.22,73.83,99.82,172,0
24-01-2024 10:00,Hospital,318.92,41.19,49.03,96.35,219,0
24-01-2024 11:00,Rural,591.92,31.05,37.93,125.26,140,0
24-01-2024 12:00,Hospital,496.1,41.73,81.92,165.86,54,0
24-01-2024 13:00,Hospital,526.86,39.26,23.71,173.55,176,0
24-01-2024 14:00,Campus,392.9,21.47,92.87,0.23,392,0
24-01-2024 15:00,Campus,370.77,29.77,94.61,58.61,332,0
24-01-2024 16:00,Campus,282.47,13.92,93.19,66.6,347,0
24-01-2024 17:00,Industrial,121.04,35.92,69.82,230.99,401,0
24-01-2024 18:00,Industrial,229.5,37.23,84.33,86.94,311,1
24-01-2024 19:00,Campus,405.3,41.98,24.94,189.31,196,1
24-01-2024 20:00,Hospital,196.76,17.07,47.43,168.42,88,1
24-01-2024 21:00,Campus,181.3,40.42,84.18,163.02,476,1
24-01-2024 22:00,Urban,263.52,22.85,84.77,107.02,219,0
24-01-2024 23:00,Rural,480.49,23.25,47.36,165.75,277,0
25-01-2024 00:00,Hospital,252.37,31.87,40.63,72.63,238,0
25-01-2024 01:00,Urban,336.11,26.35,79.87,189.7,86,0
25-01-2024 02:00,Urban,467.7,23.01,59.05,59.41,199,0
25-01-2024 03:00,Hospital,273.85,23.43,21.33,50.21,302,0
25-01-2024 04:00,Industrial,112.91,17.35,73.86,68.65,175,0
25-01-2024 05:00,Industrial,217.84,37.02,26.85,159.04,449,0
25-01-2024 06:00,Urban,194.96,24.69,79.42,154.47,200,0
25-01-2024 07:00,Urban,488.92,23.27,23.13,188.27,218,0
25-01-2024 08:00,Campus,449.47,36.32,46.43,96.34,306,0
25-01-2024 09:00,Rural,607.15,17.75,92.85,177.97,200,0
25-01-2024 10:00,Urban,459.39,21.88,25.31,189.01,204,0
25-01-2024 11:00,Campus,379.71,26.9,87.6,189.26,23,0
25-01-2024 12:00,Urban,417.88,25.88,54.66,209.9,222,0
25-01-2024 13:00,Campus,180.45,13.95,49.82,33.82,395,0
25-01-2024 14:00,Urban,462.12,34.21,50.13,10.15,358,0
25-01-2024 15:00,Industrial,395.69,35.08,77.74,29.53,123,0
25-01-2024 16:00,Urban,405.48,12.46,57.27,212.04,120,0
25-01-2024 17:00,Hospital,338.94,36.72,34.99,83.9,451,0
25-01-2024 18:00,Urban,393.72,34.44,83.27,35.05,218,1
25-01-2024 19:00,Urban,577.0,16.37,45.08,129.55,13,1
25-01-2024 20:00,Rural,643.55,20.24,39.68,78.26,140,1
25-01-2024 21:00,Industrial,396.75,27.33,51.52,12.79,165,1
25-01-2024 22:00,Rural,574.06,36.06,84.25,64.27,113,0
25-01-2024 23:00,Rural,109.7,28.11,48.04,116.06,260,0
26-01-2024 00:00,Hospital,160.53,39.91,45.63,114.11,371,0
26-01-2024 01:00,Hospital,458.42,33.88,20.64,16.91,497,0
26-01-2024 02:00,Hospital,549.33,13.06,36.48,109.78,112,0
26-01-2024 03:00,Rural,537.4,29.76,54.1,233.71,237,0
26-01-2024 04:00,Rural,580.5,13.73,52.53,159.82,35,0
26-01-2024 05:00,Rural,571.7,14.16,64.72,45.04,482,0
26-01-2024 06:00,Hospital,500.2,16.92,36.56,180.11,393,0
26-01-2024 07:00,Industrial,537.1,28.03,31.92,194.39,376,0
26-01-2024 08:00,Rural,374.25,25.97,35.12,22.88,35,0
26-01-2024 09:00,Campus,207.55,37.01,72.97,110.6,227,0
26-01-2024 10:00,Rural,574.86,39.72,30.0,40.04,238,0
26-01-2024 11:00,Industrial,512.16,38.24,79.79,176.74,378,0
26-01-2024 12:00,Rural,256.45,19.74,61.15,53.65,494,0
26-01-2024 13:00,Rural,303.16,12.99,48.5,160.2,124,0
26-01-2024 14:00,Hospital,475.69,17.94,31.17,45.99,180,0
26-01-2024 15:00,Campus,145.19,36.85,29.16,230.83,345,0
26-01-2024 16:00,Hospital,380.01,20.72,46.1,187.59,264,0
26-01-2024 17:00,Urban,194.29,20.4,42.72,145.98,397,0
26-01-2024 18:00,Urban,194.76,26.11,77.58,191.27,472,1
26-01-2024 19:00,Rural,409.91,21.0,63.51,25.17,10,1
26-01-2024 20:00,Industrial,190.79,16.57,42.5,43.0,189,1
26-01-2024 21:00,Campus,354.19,21.89,47.3,27.41,435,1
26-01-2024 22:00,Industrial,541.14,33.71,54.12,186.74,67,0
26-01-2024 23:00,Rural,419.49,25.84,22.53,128.34,59,0
27-01-2024 00:00,Campus,448.68,15.96,63.35,88.22,201,0
27-01-2024 01:00,Rural,284.88,31.88,26.75,1.24,340,0
27-01-2024 02:00,Campus,252.93,19.84,27.99,59.68,88,0
27-01-2024 03:00,Campus,234.17,28.23,44.32,61.49,301,0
27-01-2024 04:00,Hospital,103.98,19.69,91.2,70.87,294,0
27-01-2024 05:00,Rural,643.18,39.25,74.49,133.7,132,0
27-01-2024 06:00,Urban,88.61,40.3,56.63,197.76,302,0
27-01-2024 07:00,Rural,472.71,18.88,76.25,38.41,145,0
27-01-2024 08:00,Urban,321.68,30.73,28.22,142.45,71,0
27-01-2024 09:00,Urban,458.42,18.53,38.27,193.74,272,0
27-01-2024 10:00,Urban,548.18,14.19,45.3,24.52,120,0
27-01-2024 11:00,Hospital,520.53,17.24,42.77,21.0,398,0
27-01-2024 12:00,Campus,417.36,17.48,43.81,232.85,412,0
27-01-2024 13:00,Campus,98.38,35.66,31.1,127.85,95,0
27-01-2024 14:00,Rural,534.67,35.11,35.28,231.22,361,0
27-01-2024 15:00,Industrial,483.9,14.01,20.21,220.17,29,0
27-01-2024 16:00,Campus,379.57,21.9,25.18,150.88,42,0
27-01-2024 17:00,Rural,573.98,13.51,47.42,102.84,343,0
27-01-2024 18:00,Industrial,412.18,36.1,56.94,193.02,264,1
27-01-2024 19:00,Rural,227.8,32.81,42.72,13.19,248,1
27-01-2024 20:00,Hospital,173.89,23.57,67.98,234.4,272,1
27-01-2024 21:00,Industrial,506.37,29.81,69.14,158.13,44,1
27-01-2024 22:00,Industrial,507.91,37.42,38.01,146.91,297,0
27-01-2024 23:00,Rural,580.21,29.25,89.99,222.38,35,0
28-01-2024 00:00,Campus,458.26,23.84,67.01,193.48,185,0
28-01-2024 01:00,Campus,311.56,14.61,68.94,209.06,183,0
28-01-2024 02:00,Hospital,595.36,24.8,42.86,75.12,319,0
28-01-2024 03:00,Urban,622.07,38.35,55.65,102.7,163,0
28-01-2024 04:00,Campus,163.12,28.36,26.23,98.47,248,0
28-01-2024 05:00,Hospital,98.56,22.07,94.43,46.82,465,0
28-01-2024 06:00,Campus,312.24,28.15,38.13,54.08,331,0
28-01-2024 07:00,Urban,294.12,38.9,49.23,83.17,87,0
28-01-2024 08:00,Industrial,175.43,22.55,81.19,220.49,211,0
28-01-2024 09:00,Industrial,364.82,40.67,58.01,247.14,106,0
28-01-2024 10:00,Rural,302.83,12.27,84.01,25.94,135,0
28-01-2024 11:00,Campus,402.2,31.71,75.24,169.06,292,0
28-01-2024 12:00,Hospital,459.68,16.05,76.5,63.34,223,0
28-01-2024 13:00,Urban,373.14,21.93,39.98,73.96,166,0
28-01-2024 14:00,Campus,614.56,36.26,24.48,163.65,262,0
28-01-2024 15:00,Industrial,474.2,12.54,85.64,222.02,70,0
28-01-2024 16:00,Hospital,294.99,21.33,58.44,38.07,320,0
28-01-2024 17:00,Campus,100.01,21.76,30.27,238.24,466,0
28-01-2024 18:00,Industrial,162.38,29.63,63.26,11.67,210,1
28-01-2024 19:00,Rural,506.0,31.24,41.07,190.61,159,1
28-01-2024 20:00,Hospital,94.71,28.45,50.57,21.08,496,1
28-01-2024 21:00,Campus,361.01,41.24,47.02,225.71,175,1
28-01-2024 22:00,Rural,555.09,26.87,23.62,133.1,467,0
28-01-2024 23:00,Rural,194.45,36.22,24.62,77.0,276,0
29-01-2024 00:00,Rural,468.4,39.23,64.05,242.87,407,0
29-01-2024 01:00,Industrial,628.41,17.61,43.21,235.93,111,0
29-01-2024 02:00,Hospital,262.91,25.15,28.13,65.05,211,0
29-01-2024 03:00,Industrial,299.74,40.91,40.01,50.99,475,0
29-01-2024 04:00,Hospital,336.64,37.11,67.78,194.66,171,0
29-01-2024 05:00,Urban,166.68,34.71,55.27,139.69,353,0
29-01-2024 06:00,Campus,509.0,20.26,47.21,229.37,281,0
29-01-2024 07:00,Industrial,565.31,15.63,53.72,2.94,282,0
29-01-2024 08:00,Hospital,254.18,30.06,46.99,245.12,463,0
29-01-2024 09:00,Urban,579.09,14.89,65.21,207.08,437,0
29-01-2024 10:00,Urban,610.12,16.98,33.23,180.73,390,0
29-01-2024 11:00,Urban,521.53,23.83,90.53,185.61,184,0
29-01-2024 12:00,Campus,303.76,36.17,46.23,46.43,456,0
29-01-2024 13:00,Rural,383.12,27.64,70.21,225.38,78,0
29-01-2024 14:00,Rural,273.08,13.98,50.99,125.53,446,0
29-01-2024 15:00,Hospital,460.65,29.33,50.28,143.43,150,0
29-01-2024 16:00,Rural,166.16,32.15,76.56,125.14,469,0
29-01-2024 17:00,Industrial,592.32,34.29,81.57,162.21,459,0
29-01-2024 18:00,Industrial,154.83,33.12,72.78,153.09,150,1
29-01-2024 19:00,Urban,519.77,30.15,58.18,151.92,472,1
29-01-2024 20:00,Rural,256.27,22.79,62.67,222.09,50,1
29-01-2024 21:00,Industrial,93.29,27.52,29.14,238.48,121,1
29-01-2024 22:00,Urban,340.91,34.92,53.52,125.84,238,0
29-01-2024 23:00,Hospital,396.3,36.22,22.97,206.85,66,0
30-01-2024 00:00,Campus,207.95,30.88,45.51,82.76,301,0
30-01-2024 01:00,Rural,204.18,35.8,35.67,209.85,424,0
30-01-2024 02:00,Hospital,386.13,12.91,78.36,7.09,268,0
30-01-2024 03:00,Industrial,321.63,13.89,67.25,181.13,309,0
30-01-2024 04:00,Urban,308.08,27.36,64.16,56.57,454,0
30-01-2024 05:00,Urban,538.38,40.84,44.71,246.56,46,0
30-01-2024 06:00,Campus,408.09,24.94,92.69,220.1,326,0
30-01-2024 07:00,Campus,188.72,30.47,28.39,41.39,398,0
30-01-2024 08:00,Rural,123.58,38.92,21.24,194.36,414,0
30-01-2024 09:00,Rural,520.79,18.04,76.67,209.5,161,0
30-01-2024 10:00,Urban,604.37,33.68,73.96,15.68,115,0
30-01-2024 11:00,Campus,87.42,37.91,74.15,157.55,145,0
30-01-2024 12:00,Hospital,282.57,16.91,67.42,247.87,166,0
30-01-2024 13:00,Urban,105.22,17.26,46.64,224.75,421,0
30-01-2024 14:00,Campus,520.45,22.29,84.36,90.97,462,0
30-01-2024 15:00,Campus,357.03,14.48,45.32,79.63,469,0
30-01-2024 16:00,Rural,564.48,27.85,38.84,97.23,191,0
30-01-2024 17:00,Industrial,454.11,40.13,34.48,69.58,427,0
30-01-2024 18:00,Hospital,328.95,33.97,48.81,202.97,440,1
30-01-2024 19:00,Campus,156.28,12.39,36.05,146.34,204,1
30-01-2024 20:00,Urban,85.2,36.91,78.95,115.93,32,1
30-01-2024 21:00,Rural,586.74,28.03,25.32,80.84,329,1
30-01-2024 22:00,Hospital,584.63,26.54,67.96,51.43,134,0
30-01-2024 23:00,Rural,596.3,23.48,27.8,147.81,74,0
31-01-2024 00:00,Rural,330.82,29.16,89.04,171.34,477,0
31-01-2024 01:00,Campus,514.16,29.1,73.94,215.42,96,0
31-01-2024 02:00,Campus,451.58,37.86,94.24,179.21,250,0
31-01-2024 03:00,Campus,425.36,15.55,57.35,95.42,368,0
31-01-2024 04:00,Rural,535.99,38.68,20.37,141.52,391,0
31-01-2024 05:00,Rural,441.32,34.25,22.87,23.45,112,0
31-01-2024 06:00,Urban,101.7,13.46,38.03,232.67,122,0
31-01-2024 07:00,Urban,610.3,31.16,88.95,65.74,88,0
31-01-2024 08:00,Campus,90.39,34.71,27.79,243.29,373,0
31-01-2024 09:00,Urban,186.55,36.21,32.21,128.03,64,0
31-01-2024 10:00,Hospital,528.56,38.69,88.73,0.57,445,0
31-01-2024 11:00,Urban,396.86,36.64,57.69,154.96,314,0
31-01-2024 12:00,Hospital,124.24,13.63,60.91,72.74,213,0
31-01-2024 13:00,Urban,399.14,18.26,34.05,126.75,438,0
31-01-2024 14:00,Campus,198.99,33.24,75.17,167.93,66,0
31-01-2024 15:00,Hospital,636.58,28.38,46.44,23.51,383,0
31-01-2024 16:00,Rural,564.35,37.45,27.61,91.9,164,0
31-01-2024 17:00,Industrial,514.58,16.43,65.48,244.64,403,0
31-01-2024 18:00,Rural,83.96,14.25,28.53,173.12,316,1
31-01-2024 19:00,Rural,376.47,25.67,50.55,152.76,342,1
31-01-2024 20:00,Rural,602.35,33.98,79.74,228.22,438,1
31-01-2024 21:00,Urban,488.5,12.92,71.06,212.49,230,1
31-01-2024 22:00,Urban,182.49,40.28,53.13,176.62,139,0
31-01-2024 23:00,Industrial,562.39,12.85,48.67,40.53,93,0
01-02-2024 00:00,Campus,514.53,37.1,94.57,188.17,150,0
01-02-2024 01:00,Rural,87.5,28.14,45.55,135.99,192,0
01-02-2024 02:00,Industrial,80.99,35.13,37.91,85.66,50,0
01-02-2024 03:00,Hospital,171.94,13.06,83.85,106.25,182,0
01-02-2024 04:00,Industrial,116.63,15.66,54.35,52.88,37,0
01-02-2024 05:00,Hospital,219.63,39.52,89.85,129.71,407,0
01-02-2024 06:00,Urban,449.24,18.54,76.63,221.42,375,0
01-02-2024 07:00,Industrial,325.89,15.55,91.07,152.65,324,0
01-02-2024 08:00,Rural,473.66,34.38,76.48,62.12,141,0
01-02-2024 09:00,Urban,132.3,37.99,68.09,154.57,345,0
01-02-2024 10:00,Hospital,160.95,14.08,25.09,97.78,49,0
01-02-2024 11:00,Urban,495.87,28.07,25.51,18.62,295,0
01-02-2024 12:00,Urban,491.79,31.45,58.27,219.45,481,0
01-02-2024 13:00,Campus,181.4,15.0,42.74,102.24,363,0
01-02-2024 14:00,Rural,333.61,33.85,27.11,233.08,185,0
01-02-2024 15:00,Industrial,554.4,12.92,82.16,56.56,447,0
01-02-2024 16:00,Rural,537.64,32.12,40.82,2.45,107,0
01-02-2024 17:00,Urban,595.79,16.74,69.44,146.75,348,0
01-02-2024 18:00,Industrial,182.95,16.31,27.28,245.68,206,1
01-02-2024 19:00,Industrial,451.77,29.09,36.74,16.2,17,1
01-02-2024 20:00,Industrial,565.95,15.9,92.23,90.91,379,1
01-02-2024 21:00,Rural,158.87,35.64,38.87,91.56,277,1
01-02-2024 22:00,Urban,577.27,39.28,32.44,190.2,487,0
01-02-2024 23:00,Urban,207.67,17.82,36.43,96.05,197,0
02-02-2024 00:00,Rural,445.61,26.15,85.22,12.64,349,0
02-02-2024 01:00,Campus,556.76,19.04,22.2,109.59,69,0
02-02-2024 02:00,Urban,342.17,33.35,27.03,29.44,255,0
02-02-2024 03:00,Rural,598.61,24.77,24.55,47.7,146,0
02-02-2024 04:00,Industrial,333.03,19.17,45.39,14.32,270,0
02-02-2024 05:00,Rural,355.86,18.48,65.84,249.97,485,0
02-02-2024 06:00,Campus,142.73,40.31,59.36,59.93,97,0
02-02-2024 07:00,Hospital,572.86,18.37,26.23,66.33,483,0
02-02-2024 08:00,Campus,527.48,15.95,80.51,157.75,60,0
02-02-2024 09:00,Rural,239.96,35.67,25.11,175.87,253,0
02-02-2024 10:00,Campus,226.67,27.29,67.07,202.89,472,0
02-02-2024 11:00,Urban,446.83,32.61,22.42,162.11,405,0
02-02-2024 12:00,Campus,458.74,16.18,47.34,96.84,464,0
02-02-2024 13:00,Industrial,502.01,37.72,47.58,225.68,103,0
02-02-2024 14:00,Rural,88.92,25.75,74.28,112.35,445,0
02-02-2024 15:00,Urban,242.55,41.26,82.94,76.11,170,0
02-02-2024 16:00,Hospital,193.63,13.99,21.88,41.3,194,0
02-02-2024 17:00,Campus,212.87,26.31,58.37,237.08,261,0
02-02-2024 18:00,Rural,434.1,18.49,82.54,50.48,411,1
02-02-2024 19:00,Campus,234.46,41.25,76.68,7.94,100,1
02-02-2024 20:00,Industrial,315.44,33.27,62.64,192.51,132,1
02-02-2024 21:00,Urban,168.24,36.35,65.5,118.77,290,1
02-02-2024 22:00,Campus,158.48,19.21,29.04,240.06,86,0
02-02-2024 23:00,Rural,649.13,16.06,44.09,188.32,95,0
03-02-2024 00:00,Rural,321.02,14.41,81.46,197.5,139,0
03-02-2024 01:00,Hospital,457.17,37.81,91.77,67.23,492,0
03-02-2024 02:00,Campus,134.06,25.07,81.47,241.87,472,0
03-02-2024 03:00,Industrial,120.2,34.6,33.14,34.59,47,0
03-02-2024 04:00,Hospital,294.8,21.01,69.74,176.42,308,0
03-02-2024 05:00,Urban,334.38,26.99,59.78,169.95,199,0
03-02-2024 06:00,Hospital,628.55,17.78,25.7,224.39,302,0
03-02-2024 07:00,Campus,183.47,32.76,39.17,59.14,197,0
03-02-2024 08:00,Hospital,226.74,36.66,72.58,14.27,359,0
03-02-2024 09:00,Campus,201.03,21.84,89.01,111.22,184,0
03-02-2024 10:00,Rural,345.34,21.73,92.84,244.55,55,0
03-02-2024 11:00,Rural,389.25,24.03,30.04,186.81,199,0
03-02-2024 12:00,Industrial,296.65,26.83,47.37,249.42,337,0
03-02-2024 13:00,Rural,580.98,15.39,58.24,221.14,325,0
03-02-2024 14:00,Campus,448.43,26.09,54.06,83.01,287,0
03-02-2024 15:00,Industrial,276.71,34.75,43.59,202.84,364,0
03-02-2024 16:00,Urban,465.58,35.43,49.55,29.29,332,0
03-02-2024 17:00,Industrial,556.26,31.26,67.59,176.22,403,0
03-02-2024 18:00,Rural,290.45,37.51,68.65,40.85,43,1
03-02-2024 19:00,Hospital,339.31,31.98,77.51,11.41,469,1
03-02-2024 20:00,Urban,419.44,24.37,62.05,7.26,418,1
03-02-2024 21:00,Urban,557.14,14.57,38.67,43.4,99,1
03-02-2024 22:00,Industrial,593.35,35.56,37.73,5.99,52,0
03-02-2024 23:00,Urban,632.88,16.46,45.15,130.58,173,0
04-02-2024 00:00,Industrial,317.91,26.37,39.39,13.75,52,0
04-02-2024 01:00,Industrial,172.6,14.74,66.8,174.16,144,0
04-02-2024 02:00,Rural,531.29,33.86,45.63,122.95,106,0
04-02-2024 03:00,Hospital,609.51,28.81,23.84,38.48,364,0
04-02-2024 04:00,Campus,299.58,33.51,37.21,199.29,420,0
04-02-2024 05:00,Campus,133.7,29.59,34.35,176.94,421,0
04-02-2024 06:00,Campus,531.02,18.94,27.0,165.86,299,0
04-02-2024 07:00,Campus,158.78,17.78,63.69,26.97,334,0
04-02-2024 08:00,Campus,217.33,19.76,51.76,133.29,380,0
04-02-2024 09:00,Urban,97.62,33.73,36.57,72.7,337,0
04-02-2024 10:00,Campus,430.39,39.05,35.35,77.78,349,0
04-02-2024 11:00,Industrial,154.8,13.86,54.72,84.72,370,0
04-02-2024 12:00,Industrial,306.02,27.69,42.98,193.66,171,0
04-02-2024 13:00,Urban,247.27,21.75,37.73,43.82,332,0
04-02-2024 14:00,Rural,343.2,17.93,28.97,126.7,276,0
04-02-2024 15:00,Industrial,470.89,26.29,43.31,18.73,347,0
04-02-2024 16:00,Urban,435.53,25.12,25.0,200.88,272,0
04-02-2024 17:00,Rural,336.29,37.57,90.35,104.6,371,0
04-02-2024 18:00,Industrial,384.94,35.39,74.35,78.67,36,1
04-02-2024 19:00,Urban,518.41,14.64,89.18,33.26,449,1
04-02-2024 20:00,Hospital,153.5,25.98,66.45,74.99,45,1
04-02-2024 21:00,Industrial,329.29,14.57,49.54,23.51,386,1
04-02-2024 22:00,Urban,98.18,39.29,70.27,132.51,368,0
04-02-2024 23:00,Urban,260.12,36.56,65.27,101.59,132,0
05-02-2024 00:00,Rural,300.52,36.21,73.09,90.61,466,0
05-02-2024 01:00,Rural,341.11,28.56,26.88,235.74,491,0
05-02-2024 02:00,Campus,349.48,40.69,65.3,72.18,248,0
05-02-2024 03:00,Campus,488.14,34.02,29.72,48.41,500,0
05-02-2024 04:00,Campus,140.99,36.4,45.41,61.98,140,0
05-02-2024 05:00,Hospital,347.45,41.72,31.14,213.63,174,0
05-02-2024 06:00,Industrial,178.5,34.34,45.62,46.88,224,0
05-02-2024 07:00,Urban,548.35,37.89,63.12,2.6,400,0
05-02-2024 08:00,Industrial,425.72,38.98,91.4,81.77,444,0
05-02-2024 09:00,Industrial,546.78,19.98,47.44,93.66,190,0
05-02-2024 10:00,Campus,295.6,15.31,37.04,227.38,220,0
05-02-2024 11:00,Hospital,510.68,19.33,88.97,201.04,465,0
05-02-2024 12:00,Rural,510.26,36.39,38.99,163.98,204,0
05-02-2024 13:00,Campus,558.63,16.01,60.43,84.1,430,0
05-02-2024 14:00,Urban,276.81,37.32,83.59,219.71,81,0
05-02-2024 15:00,Hospital,451.9,13.44,85.26,136.94,243,0
05-02-2024 16:00,Industrial,348.02,25.85,76.17,209.34,383,0
05-02-2024 17:00,Industrial,285.71,13.92,28.88,221.65,472,0
05-02-2024 18:00,Urban,209.44,14.12,25.07,185.28,111,1
05-02-2024 19:00,Campus,444.84,21.33,55.75,94.53,336,1
05-02-2024 20:00,Hospital,348.17,38.99,75.03,77.88,457,1
05-02-2024 21:00,Industrial,406.76,15.18,64.06,207.3,275,1
05-02-2024 22:00,Urban,355.89,24.49,86.03,166.38,116,0
05-02-2024 23:00,Rural,286.55,22.9,91.9,173.98,73,0
06-02-2024 00:00,Hospital,99.88,29.73,52.43,179.37,229,0
06-02-2024 01:00,Urban,184.77,20.73,58.64,186.25,61,0
06-02-2024 02:00,Rural,532.53,30.11,24.33,91.68,492,0
06-02-2024 03:00,Campus,169.91,31.11,25.77,104.2,177,0
06-02-2024 04:00,Industrial,645.23,27.47,92.94,122.82,395,0
06-02-2024 05:00,Hospital,86.18,38.14,65.36,94.5,435,0
06-02-2024 06:00,Hospital,593.01,16.92,21.32,162.32,460,0
06-02-2024 07:00,Urban,575.03,22.85,89.3,51.85,21,0
06-02-2024 08:00,Hospital,565.16,33.43,73.44,53.78,246,0
06-02-2024 09:00,Rural,399.18,16.31,67.33,200.85,227,0
06-02-2024 10:00,Rural,423.2,19.77,40.7,105.07,272,0
06-02-2024 11:00,Campus,110.87,35.21,80.2,225.81,94,0
06-02-2024 12:00,Rural,386.98,18.96,81.64,58.04,99,0
06-02-2024 13:00,Rural,636.34,33.65,28.24,115.59,314,0
06-02-2024 14:00,Rural,235.35,37.15,89.38,13.14,493,0
06-02-2024 15:00,Urban,332.3,14.59,25.22,199.22,356,0
06-02-2024 16:00,Campus,161.0,25.8,67.9,249.4,182,0
06-02-2024 17:00,Campus,516.95,19.35,34.92,40.31,219,0
06-02-2024 18:00,Industrial,432.38,21.1,32.14,54.63,53,1
06-02-2024 19:00,Rural,190.08,21.47,57.84,45.9,255,1
06-02-2024 20:00,Campus,518.16,29.76,55.48,69.27,275,1
06-02-2024 21:00,Rural,348.94,27.27,57.51,58.23,190,1
06-02-2024 22:00,Campus,631.19,24.1,46.56,106.29,190,0
06-02-2024 23:00,Campus,447.93,25.96,82.6,136.98,31,0
07-02-2024 00:00,Campus,282.05,30.9,89.02,100.41,231,0
07-02-2024 01:00,Hospital,249.99,28.63,69.71,183.76,496,0
07-02-2024 02:00,Rural,437.13,32.34,49.91,81.66,302,0
07-02-2024 03:00,Rural,273.83,40.35,61.2,100.63,103,0
07-02-2024 04:00,Industrial,145.79,38.93,80.04,6.69,175,0
07-02-2024 05:00,Campus,331.26,20.24,59.11,4.96,291,0
07-02-2024 06:00,Hospital,531.29,21.75,90.35,29.06,140,0
07-02-2024 07:00,Campus,427.54,28.96,84.28,4.19,419,0
07-02-2024 08:00,Campus,118.3,36.31,67.12,3.0,466,0
07-02-2024 09:00,Industrial,244.13,26.85,90.45,94.31,48,0
07-02-2024 10:00,Rural,199.53,34.1,30.54,77.78,122,0
07-02-2024 11:00,Urban,328.88,15.66,92.84,226.74,64,0
07-02-2024 12:00,Rural,394.01,39.66,26.72,231.27,232,0
07-02-2024 13:00,Rural,102.72,26.91,74.78,105.56,332,0
07-02-2024 14:00,Rural,420.29,41.3,22.86,13.99,73,0
07-02-2024 15:00,Urban,92.42,33.25,67.26,28.08,92,0
07-02-2024 16:00,Urban,183.13,30.28,70.44,242.39,194,0
07-02-2024 17:00,Urban,638.04,25.03,49.32,63.33,129,0
07-02-2024 18:00,Campus,635.53,41.85,72.94,43.78,102,1
07-02-2024 19:00,Rural,532.41,30.78,69.14,111.38,328,1
07-02-2024 20:00,Urban,526.42,28.42,86.33,3.45,234,1
07-02-2024 21:00,Urban,422.58,22.11,49.69,235.84,450,1
07-02-2024 22:00,Urban,601.46,28.82,30.69,43.76,206,0
07-02-2024 23:00,Rural,473.68,12.14,80.15,196.49,273,0
08-02-2024 00:00,Urban,561.35,22.86,72.92,47.26,204,0
08-02-2024 01:00,Campus,270.24,26.39,63.51,244.79,92,0
08-02-2024 02:00,Industrial,590.17,17.73,94.51,52.74,350,0
08-02-2024 03:00,Hospital,548.11,41.72,71.6,79.57,397,0
08-02-2024 04:00,Hospital,229.51,30.33,31.88,214.42,260,0
08-02-2024 05:00,Industrial,569.32,41.66,56.9,207.16,33,0
08-02-2024 06:00,Rural,324.01,14.48,51.08,73.52,269,0
08-02-2024 07:00,Campus,481.86,12.13,64.17,33.4,202,0
08-02-2024 08:00,Industrial,579.61,30.18,52.65,220.65,424,0
08-02-2024 09:00,Industrial,126.37,25.47,47.63,8.92,437,0
08-02-2024 10:00,Industrial,202.27,31.63,40.84,92.63,481,0
08-02-2024 11:00,Hospital,617.56,41.94,52.01,142.94,423,0
08-02-2024 12:00,Industrial,340.04,37.91,50.09,237.5,252,0
08-02-2024 13:00,Urban,106.41,37.09,80.85,73.79,318,0
08-02-2024 14:00,Hospital,500.06,40.13,46.37,212.83,449,0
08-02-2024 15:00,Rural,228.04,27.19,53.36,6.39,51,0
08-02-2024 16:00,Urban,202.78,30.02,85.71,20.13,158,0
08-02-2024 17:00,Industrial,558.74,30.26,91.76,161.3,398,0
08-02-2024 18:00,Urban,447.7,37.15,39.52,41.06,474,1
08-02-2024 19:00,Rural,350.12,35.58,38.76,228.15,123,1
08-02-2024 20:00,Rural,596.67,30.39,92.83,192.79,332,1
08-02-2024 21:00,Campus,383.79,37.65,53.27,24.58,477,1
08-02-2024 22:00,Campus,539.19,32.46,75.85,58.01,247,0
08-02-2024 23:00,Campus,549.06,40.86,89.24,40.12,360,0
09-02-2024 00:00,Urban,395.85,24.15,32.58,34.27,250,0
09-02-2024 01:00,Campus,361.1,20.04,47.57,138.51,400,0
09-02-2024 02:00,Hospital,267.24,22.28,27.15,94.93,67,0
09-02-2024 03:00,Rural,364.24,20.48,44.77,144.44,101,0
09-02-2024 04:00,Industrial,519.16,21.54,54.37,239.19,243,0
09-02-2024 05:00,Industrial,400.92,40.45,71.41,90.58,496,0
09-02-2024 06:00,Rural,389.64,37.88,70.24,90.09,319,0
09-02-2024 07:00,Rural,251.16,41.08,38.32,243.22,42,0
09-02-2024 08:00,Campus,85.61,28.59,35.43,126.87,70,0
09-02-2024 09:00,Rural,461.37,32.53,89.5,248.03,357,0
09-02-2024 10:00,Hospital,486.52,12.05,23.69,106.64,153,0
09-02-2024 11:00,Industrial,590.27,32.79,58.64,87.51,373,0
09-02-2024 12:00,Hospital,383.68,17.42,62.98,247.04,473,0
09-02-2024 13:00,Rural,137.94,39.96,40.06,220.12,273,0
09-02-2024 14:00,Industrial,464.65,23.52,94.45,6.72,315,0
09-02-2024 15:00,Campus,142.99,34.39,40.28,36.98,196,0
09-02-2024 16:00,Urban,623.52,41.82,94.52,155.82,344,0
09-02-2024 17:00,Campus,171.84,33.78,61.34,89.75,470,0
09-02-2024 18:00,Industrial,225.39,16.25,31.86,37.34,311,1
09-02-2024 19:00,Urban,171.22,27.08,63.08,140.12,221,1
09-02-2024 20:00,Campus,389.84,12.45,24.36,105.67,131,1
09-02-2024 21:00,Urban,217.89,36.72,38.11,23.15,254,1
09-02-2024 22:00,Hospital,300.89,22.07,77.38,55.58,353,0
09-02-2024 23:00,Urban,338.0,27.09,89.27,151.01,102,0
10-02-2024 00:00,Rural,119.62,14.46,44.87,22.21,342,0
10-02-2024 01:00,Urban,321.45,21.26,58.41,234.16,135,0
10-02-2024 02:00,Rural,178.08,24.96,89.86,26.54,272,0
10-02-2024 03:00,Campus,609.17,29.61,57.33,247.46,386,0
10-02-2024 04:00,Rural,546.68,35.71,41.37,9.91,34,0
10-02-2024 05:00,Urban,376.92,34.44,34.34,101.11,127,0
10-02-2024 06:00,Rural,326.98,31.84,26.86,225.65,11,0
10-02-2024 07:00,Rural,457.26,15.03,50.6,134.04,157,0
10-02-2024 08:00,Industrial,270.93,19.99,70.3,55.65,215,0
10-02-2024 09:00,Campus,472.4,24.92,31.68,17.61,288,0
10-02-2024 10:00,Rural,644.65,39.6,27.49,125.58,260,0
10-02-2024 11:00,Industrial,190.59,32.09,57.17,202.19,159,0
10-02-2024 12:00,Urban,612.32,36.44,55.51,35.32,257,0
10-02-2024 13:00,Campus,152.42,32.57,72.31,144.54,378,0
10-02-2024 14:00,Urban,529.98,35.71,25.62,200.44,132,0
10-02-2024 15:00,Urban,205.97,40.45,40.12,42.64,434,0
10-02-2024 16:00,Industrial,311.79,36.82,32.14,109.45,101,0
10-02-2024 17:00,Urban,155.25,28.32,52.3,58.8,474,0
10-02-2024 18:00,Rural,455.65,19.82,28.77,201.94,57,1
10-02-2024 19:00,Rural,82.06,13.27,46.52,218.66,312,1
10-02-2024 20:00,Industrial,562.64,34.47,61.93,233.61,236,1
10-02-2024 21:00,Hospital,383.91,21.33,35.31,181.86,74,1
10-02-2024 22:00,Industrial,282.2,28.77,94.23,154.88,347,0
10-02-2024 23:00,Hospital,153.35,12.67,52.23,149.45,32,0
11-02-2024 00:00,Hospital,247.1,15.57,67.13,111.47,201,0
11-02-2024 01:00,Hospital,351.52,33.13,85.38,135.63,288,0
11-02-2024 02:00,Industrial,247.05,36.9,22.39,64.2,174,0
11-02-2024 03:00,Rural,495.69,37.86,73.19,113.75,54,0
11-02-2024 04:00,Industrial,498.02,18.22,37.54,196.1,345,0
11-02-2024 05:00,Industrial,442.08,32.8,40.46,15.22,194,0
11-02-2024 06:00,Campus,98.45,40.86,59.36,167.55,166,0
11-02-2024 07:00,Rural,274.03,26.17,73.97,184.26,105,0
11-02-2024 08:00,Campus,138.19,17.91,87.23,10.81,77,0
11-02-2024 09:00,Industrial,563.84,38.03,52.94,105.31,170,0
11-02-2024 10:00,Rural,635.29,17.5,31.83,70.23,482,0
11-02-2024 11:00,Rural,268.95,37.55,86.8,106.81,108,0
11-02-2024 12:00,Rural,520.46,23.24,28.95,225.7,235,0
11-02-2024 13:00,Hospital,306.56,29.86,39.15,5.06,209,0
11-02-2024 14:00,Rural,296.19,12.33,47.88,190.31,180,0
11-02-2024 15:00,Rural,467.36,30.74,34.13,5.09,355,0
